Workbook

Sheet Equipment list
B1: Vessel | C1: Type of location | D1: Number of room | E1: Equipment type | F1: Equipment model | G1: Serial number | H1: Validity of certificate | I1: Actual runhour | J1: Last maintanance performance
J2: Maintanance 1 | M2: Maintanance 2 | P2: Maintanance 3 | U2: Maintanance 4 | W2: Maintanance 5 | Y2: Maintanance 6
J3: h | K3: date | L3: Order? | M3: h | N3: date | O3: Order? | P3: h | Q3: date | R3: Order by h? | S3: Order by t? | T3: Order? | U3: h | V3: date | W3: h | X3: date | Y3: h | Z3: date
B4: ARZUV | C4: Engine room | D4: 1 | E4: engine | F4: SF40TA | G4: 6183993 | H4: 47392 | I4: 9000 | J4: 8900 | K4: 45787 | L4: =IF((J4+'Matrix 1'!C3-'Matrix 1'!E3)>I4,1,0) -> 1 | M4: 8300 | N4: 45762 | O4: =IF((M4+'Matrix 1'!C4-'Matrix 1'!E4)>I4,1,0) -> 1 | P4: =5400 -> 5400 | Q4: 45354 | R4: =IF((P4+'Matrix 1'!C5-'Matrix 1'!E5)>I4,1,0) -> 1 | S4: =IF((Q4+('Matrix 1'!D5+'Matrix 1'!F5)*30)<TODAY(),0,1) -> 0 | T4: =R4*S4 -> 0
B5: ARZUV | C5: Engine room | D5: 2 | E5: engine | F5: SF40TA | G5: 6183994 | H5: 47392 | I5: 9100 | J5: 8900 | K5: 45787 | L5: =IF((J5+'Matrix 1'!C3-'Matrix 1'!E3)>I5,1,0) -> 1 | M5: 8400 | N5: 45762 | O5: =IF((M5+'Matrix 1'!C4-'Matrix 1'!E4)>I5,1,0) -> 1 | P5: =5400 -> 5400 | Q5: =Q4+2 -> 45356 | R5: =IF((P5+'Matrix 1'!C5-'Matrix 1'!E5)>I5,1,0) -> 1 | S5: =IF((Q5+('Matrix 1'!D5+'Matrix 1'!F5)*30)<TODAY(),0,1) -> 1 | T5: =R5*S5 -> 1
B6: ARZUV | C6: Engine room | D6: 1 | E6: gearbox | F6: R-500 | G6: 96194371 | H6: 47818 | I6: 9000 | J6: 5400 | K6: 45462
B7: ARZUV | C7: Engine room | D7: 2 | E7: gearbox | F7: R-500 | G7: 96194372 | H7: 47818 | I7: 9100 | J7: 5400 | K7: 45462
B8: ARZUV | C8: Engine room | D8: 1 | E8: CLUTCH | F8: E-360 | G8: 45653708 | H8: 47392 | I8: 9000 | J8: 8900 | K8: 45462
B9: ARZUV | C9: Engine room | D9: 2 | E9: CLUTCH | F9: E-360 | G9: 45653709 | H9: 47392 | I9: 9100 | J9: 8900 | K9: 45462
B10: ARZUV | C10: Engine room | D10: 1 | E10: genset | F10: C4.4T | G10: 35550366 | I10: 3000 | J10: 2700 | K10: 45305 | M10: 2000 | N10: 45305
B11: ARZUV | C11: Engine room | D11: 2 | E11: Sewage treatment | F11: Model 2500 | G11: 25222980 | H11: 46447 | K11: =TODAY()-20 -> 45785
B12: ARZUV | C12: Communication Room | D12: 1 | E12: GMDSS | F12: FM-8900S | G12: 80026465 | H12: 46204
Q23: =TODAY() -> 45805 | T23: =Q4+('Matrix 1'!D5+'Matrix 1'!F5)*30 -> 45804 | U23: =Q23-T23 -> 1
Q24: =Q23-450 -> 45355

Sheet List of vessels
B2: Vessel name | C2: IMO | D2: Type | E2: MMSI | F2: Date of build: | G2: Flag | H2: Las docking date | I2: Docking frequency, m | J2: Next docking
B3: CASPIAN FAUNA | C3: 9895343 | D3: Tug | E3: 436000395 | F3: 43983 | G3: Kazakhstan | H3: 45536 | I3: =5*12 -> 60 | J3: =H3+I3*30 -> 47336
B4: ARZUV | C4: 9581904 | D4: Crew vessel | E4: 436000224 | F4: 40269 | G4: Kazakhstan | H4: 44652 | I4: 36 | J4: =H4+I4*30 -> 45732

Sheet List of division
C3: Engine room
C4: Bridge
C5: Communication Room
C6: Control Room
C7: Workshop
C8: Food storage
C9: Medical Bay
C10: Deck
C11: Crew Cabin

Sheet Equipment type
B2: engine
B3: gearbox
B4: propeller
B5: air pressure vessel
B6: pump
B7: compressor
B8: genset
B9: oil water separator
B10: waterjet
B11: thruster
B12: winch
B13: crane
... B17: CLUTCH

Sheet Maintanance matrix list
C3: Maker | D3: Matrix no
B4: SF40TA | C4: Guascor | D4: 1
B5: C4.4T | C5: CAT | D5: 2
B6: Model 2500 | C6: Blue sea | D6: 3
B7: FM-8900S | C7: Furuno | D7: 4
B8: QSK38-M1 | C8: Cummins | D8: 5
B9: D7A | C9: Volvo | D9: 6
B10: SRP 340 | C10: SCHOTTEL | D10: 7
B11: 25-3S SWL | C11: HEILA | D11: 8
B12: R-500 | C12: guascor | D12: 9
B13: E-360 | C13: guascor | D13: 10

Sheet Matrix 1
E1: Advance order,
B2: Maintanance N | C2: runhour | D2: period, m | E2: runhours | F2: period m
B3: 1 | C3: 600 | E3: =30*12 -> 360
B4: 2 | C4: 1800 | E4: 720
B5: 3 | C5: 5400 | D5: 12 | E5: 1000 | F5: 3
B6: 4 | C6: 10800 | D6: 36 | E6: =60*12 -> 720 | F6: 4
B7: 5 | C7: 21600 | D7: 60 | E7: =90*12 -> 1080 | F7: 6
B8: 6 | C8: 43200 | D8: 120 | E8: =180*12 -> 2160 | F8: 8

Sheet Matrix 2
B2: Maintanance N | C2: runhour | D2: period, m | E2: Advance order, runhours
B3: 1 | C3: 500 | E3: 100
B4: 2 | C4: 2000 | E4: 200
B5: 3 | C5: 6000 | D5: 12 | E5: 300
B6: 4 | C6: 12000 | D6: 36 | E6: 300

Sheet Matrix 3
B3: Maintanance N | C3: runhour | D3: period, m | E3: Advance order, m
B4: 1 | D4: 3 | E4: 1
B5: 2 | D5: 12 | E5: 2

Sheet Matrix 9
C3: Maintanance N | D3: runhour | E3: period, m | F3: Advance order, runhours
C4: 1 | D4: 5400 | E4: 12 | F4: =60*12 -> 720
C5: 2 | D5: 43200 | E5: 120 | F5: =180*12 -> 2160

Sheet Matrix 10
B2: Maintanance N | C2: runhour | D2: period, m | E2: Advance order, runhours
B3: 1 | C3: 5400 | D3: 12 | E3: =60*12 -> 720
B4: 2 | C4: 43200 | D4: 120 | E4: =180*12 -> 2160
